{
    "metrics": {
        "data_sent": {
            "count": 21560,
            "rate": 536.0436069385762
        },
        "http_req_duration{expected_response:true}": {
            "min": 0,
            "med": 2.40185,
            "max": 53.2706,
            "p(90)": 5.32598,
            "p(95)": 6.179839999999996,
            "avg": 3.3083613636363642
        },
        "http_req_duration": {
            "avg": 3.3083613636363642,
            "min": 0,
            "med": 2.40185,
            "max": 53.2706,
            "p(90)": 5.32598,
            "p(95)": 6.179839999999996
        },
        "http_req_failed": {
            "passes": 0,
            "fails": 308,
            "value": 0
        },
        "checks": {
            "passes": 308,
            "fails": 0,
            "value": 1
        },
        "http_req_receiving": {
            "med": 0.38155,
            "max": 3.5068,
            "p(90)": 1.59815,
            "p(95)": 1.9162999999999994,
            "avg": 0.5654188311688312,
            "min": 0
        },
        "vus_max": {
            "value": 10,
            "min": 10,
            "max": 10
        },
        "iterations": {
            "count": 308,
            "rate": 7.657765813408232
        },
        "http_req_sending": {
            "avg": 0.011407142857142859,
            "min": 0,
            "med": 0,
            "max": 1.2591,
            "p(90)": 0,
            "p(95)": 0
        },
        "http_req_tls_handshaking": {
            "p(95)": 0,
            "avg": 0,
            "min": 0,
            "med": 0,
            "max": 0,
            "p(90)": 0
        },
        "http_req_connecting": {
            "med": 0,
            "max": 1.9393,
            "p(90)": 0,
            "p(95)": 0,
            "avg": 0.035609415584415584,
            "min": 0
        },
        "http_req_waiting": {
            "avg": 2.7315353896103907,
            "min": 0,
            "med": 1.81685,
            "max": 52.671,
            "p(90)": 4.8198099999999995,
            "p(95)": 5.84824
        },
        "data_received": {
            "rate": 15966.441720956163,
            "count": 642180
        },
        "http_req_blocked": {
            "avg": 0.08760649350649351,
            "min": 0,
            "med": 0,
            "max": 13.844,
            "p(90)": 0,
            "p(95)": 0
        },
        "http_reqs": {
            "count": 308,
            "rate": 7.657765813408232
        },
        "vus": {
            "value": 1,
            "min": 1,
            "max": 10
        },
        "iteration_duration": {
            "min": 1001.0353,
            "med": 1003.45135,
            "max": 1055.9851,
            "p(90)": 1006.42172,
            "p(95)": 1008.94784,
            "avg": 1004.7796762987022
        }
    },
    "root_group": {
        "id": "d41d8cd98f00b204e9800998ecf8427e",
        "groups": {},
        "checks": {
                "status is 200": {
                    "id": "6210a8cd14cd70477eba5c5e4cb3fb5f",
                    "passes": 308,
                    "fails": 0,
                    "name": "status is 200",
                    "path": "::status is 200"
                }
            },
        "name": "",
        "path": ""
    }
}